﻿<?xml version="1.0" encoding="utf-8" ?>
<XMLSetting xmlns:xsi="http://www.w3.org/2001/XMLSchema-instance" xmlns:xsd="http://www.w3.org/2001/XMLSchema">
  <DatabaseConnection>
    <ServerName>Server=localhost;</ServerName>
    <PortName>Port=5432;</PortName>
    <UserId>User Id=postgres;</UserId>
    <Password>Password=tmc1234;</Password>
    <DatabaseName>Database=beacon_data_evaluation_db</DatabaseName>
  </DatabaseConnection>
  <MapMaker>
    <ImageDrawCompletionDelaySec>3000</ImageDrawCompletionDelaySec>
  </MapMaker>
</XMLSetting>
